City_ID,City,Country,Date,Lat,Lng,Max Temp,Humidity,Cloudiness,Wind Speed
0,Baiyin,CN,2022-08-08 09:31:59,36.5583,104.2081,93.06,29,45,12.33
1,Tiznit,CN,2022-08-08 09:31:59,36.5583,104.2081,93.06,29,45,12.33
2,Sao Filipe,CN,2022-08-08 09:31:59,36.5583,104.2081,93.06,29,45,12.33
3,Broome,CN,2022-08-08 09:32:00,36.5583,104.2081,93.06,29,45,12.33
4,Busselton,CN,2022-08-08 09:32:00,36.5583,104.2081,93.06,29,45,12.33
5,La Ronge,CN,2022-08-08 09:32:00,36.5583,104.2081,93.06,29,45,12.33
6,Saint-Philippe,CN,2022-08-08 09:32:00,36.5583,104.2081,93.06,29,45,12.33
7,Yulara,CN,2022-08-08 09:32:00,36.5583,104.2081,93.06,29,45,12.33
8,Jamestown,CN,2022-08-08 09:31:59,36.5583,104.2081,93.06,29,45,12.33
9,Barentsburg,CN,2022-08-08 09:31:59,36.5583,104.2081,93.06,29,45,12.33
10,Ilulissat,CN,2022-08-08 09:31:59,36.5583,104.2081,93.06,29,45,12.33
11,Cherskiy,CN,2022-08-08 09:31:59,36.5583,104.2081,93.06,29,45,12.33
12,Dikson,CN,2022-08-08 09:31:59,36.5583,104.2081,93.06,29,45,12.33
13,San Patricio,CN,2022-08-08 09:31:59,36.5583,104.2081,93.06,29,45,12.33
14,Westport,CN,2022-08-08 09:31:59,36.5583,104.2081,93.06,29,45,12.33
15,Helong,CN,2022-08-08 09:31:59,36.5583,104.2081,93.06,29,45,12.33
16,Attawapiskat,CN,2022-08-08 09:31:59,36.5583,104.2081,93.06,29,45,12.33
17,Brae,CN,2022-08-08 09:31:59,36.5583,104.2081,93.06,29,45,12.33
18,Vestmannaeyjar,CN,2022-08-08 09:31:59,36.5583,104.2081,93.06,29,45,12.33
19,Esperance,CN,2022-08-08 09:31:59,36.5583,104.2081,93.06,29,45,12.33
20,Karkaralinsk,CN,2022-08-08 09:31:59,36.5583,104.2081,93.06,29,45,12.33
21,Qandahar,CN,2022-08-08 09:31:59,36.5583,104.2081,93.06,29,45,12.33
22,Taolanaro,CN,2022-08-08 09:31:59,36.5583,104.2081,93.06,29,45,12.33
23,Louisbourg,CN,2022-08-08 09:31:59,36.5583,104.2081,93.06,29,45,12.33
24,Viligili,CN,2022-08-08 09:31:59,36.5583,104.2081,93.06,29,45,12.33
25,Kihei,CN,2022-08-08 09:31:59,36.5583,104.2081,93.06,29,45,12.33
26,Lukovetskiy,CN,2022-08-08 09:31:59,36.5583,104.2081,93.06,29,45,12.33
27,Tulagi,CN,2022-08-08 09:31:59,36.5583,104.2081,93.06,29,45,12.33
28,Pak Phanang,CN,2022-08-08 09:31:59,36.5583,104.2081,93.06,29,45,12.33
29,Hobart,CN,2022-08-08 09:31:59,36.5583,104.2081,93.06,29,45,12.33
30,Cayenne,CN,2022-08-08 09:31:59,36.5583,104.2081,93.06,29,45,12.33
31,Tuktoyaktuk,CN,2022-08-08 09:31:59,36.5583,104.2081,93.06,29,45,12.33
32,Lebu,CN,2022-08-08 09:31:59,36.5583,104.2081,93.06,29,45,12.33
33,Kupang,CN,2022-08-08 09:31:59,36.5583,104.2081,93.06,29,45,12.33
34,Kavieng,CN,2022-08-08 09:31:59,36.5583,104.2081,93.06,29,45,12.33
35,Norman Wells,CN,2022-08-08 09:31:59,36.5583,104.2081,93.06,29,45,12.33
36,Albany,CN,2022-08-08 09:31:59,36.5583,104.2081,93.06,29,45,12.33
37,Slantsy,CN,2022-08-08 09:31:59,36.5583,104.2081,93.06,29,45,12.33
38,Puerto Narino,CN,2022-08-08 09:31:59,36.5583,104.2081,93.06,29,45,12.33
39,Barra Patuca,CN,2022-08-08 09:31:59,36.5583,104.2081,93.06,29,45,12.33
40,Dongtai,CN,2022-08-08 09:31:59,36.5583,104.2081,93.06,29,45,12.33
41,San Cristobal,CN,2022-08-08 09:31:59,36.5583,104.2081,93.06,29,45,12.33
42,Flin Flon,CN,2022-08-08 09:31:59,36.5583,104.2081,93.06,29,45,12.33
43,Arraial Do Cabo,CN,2022-08-08 09:31:59,36.5583,104.2081,93.06,29,45,12.33
44,Khatanga,CN,2022-08-08 09:31:59,36.5583,104.2081,93.06,29,45,12.33
45,Mount Gambier,CN,2022-08-08 09:31:59,36.5583,104.2081,93.06,29,45,12.33
46,Evensk,CN,2022-08-08 09:31:59,36.5583,104.2081,93.06,29,45,12.33
47,Illoqqortoormiut,CN,2022-08-08 09:31:59,36.5583,104.2081,93.06,29,45,12.33
48,Provideniya,CN,2022-08-08 09:31:59,36.5583,104.2081,93.06,29,45,12.33
49,Olafsvik,CN,2022-08-08 09:31:59,36.5583,104.2081,93.06,29,45,12.33
50,Kapaa,US,2022-08-08 09:33:09,22.0752,-159.319,79.12,83,20,12.66
51,Uvalde,US,2022-08-08 09:33:09,22.0752,-159.319,79.12,83,20,12.66
52,Labuhan,US,2022-08-08 09:33:09,22.0752,-159.319,79.12,83,20,12.66
53,Nikolskoye,US,2022-08-08 09:33:09,22.0752,-159.319,79.12,83,20,12.66
54,New Norfolk,US,2022-08-08 09:33:09,22.0752,-159.319,79.12,83,20,12.66
55,Lakselv,US,2022-08-08 09:33:09,22.0752,-159.319,79.12,83,20,12.66
56,Quatre Cocos,US,2022-08-08 09:33:09,22.0752,-159.319,79.12,83,20,12.66
57,Oktyabrskiy,US,2022-08-08 09:33:10,22.0752,-159.319,79.12,83,20,12.66
58,Funtua,US,2022-08-08 09:33:10,22.0752,-159.319,79.12,83,20,12.66
59,Arman,US,2022-08-08 09:33:10,22.0752,-159.319,79.12,83,20,12.66
60,Sargatskoye,US,2022-08-08 09:33:10,22.0752,-159.319,79.12,83,20,12.66
61,Pacific Grove,US,2022-08-08 09:33:10,22.0752,-159.319,79.12,83,20,12.66
62,Thompson,US,2022-08-08 09:33:09,22.0752,-159.319,79.12,83,20,12.66
63,Nuuk,US,2022-08-08 09:33:09,22.0752,-159.319,79.12,83,20,12.66
64,Guozhen,US,2022-08-08 09:33:09,22.0752,-159.319,79.12,83,20,12.66
65,Geraldton,US,2022-08-08 09:33:09,22.0752,-159.319,79.12,83,20,12.66
66,Olbia,US,2022-08-08 09:33:09,22.0752,-159.319,79.12,83,20,12.66
67,Aklavik,US,2022-08-08 09:33:09,22.0752,-159.319,79.12,83,20,12.66
68,Asau,US,2022-08-08 09:33:09,22.0752,-159.319,79.12,83,20,12.66
69,Luderitz,US,2022-08-08 09:33:09,22.0752,-159.319,79.12,83,20,12.66
70,Koumac,US,2022-08-08 09:33:09,22.0752,-159.319,79.12,83,20,12.66
71,Kuytun,US,2022-08-08 09:33:09,22.0752,-159.319,79.12,83,20,12.66
72,Sur,US,2022-08-08 09:33:09,22.0752,-159.319,79.12,83,20,12.66
73,Mar Del Plata,US,2022-08-08 09:33:09,22.0752,-159.319,79.12,83,20,12.66
74,Trairi,US,2022-08-08 09:33:09,22.0752,-159.319,79.12,83,20,12.66
75,Tual,US,2022-08-08 09:33:09,22.0752,-159.319,79.12,83,20,12.66
76,Vardo,US,2022-08-08 09:33:09,22.0752,-159.319,79.12,83,20,12.66
77,Tadine,US,2022-08-08 09:33:09,22.0752,-159.319,79.12,83,20,12.66
78,Vaini,US,2022-08-08 09:33:09,22.0752,-159.319,79.12,83,20,12.66
79,Tasbuget,US,2022-08-08 09:33:09,22.0752,-159.319,79.12,83,20,12.66
80,Sainte-Marie,US,2022-08-08 09:33:09,22.0752,-159.319,79.12,83,20,12.66
81,Coihaique,US,2022-08-08 09:33:09,22.0752,-159.319,79.12,83,20,12.66
82,Nanortalik,US,2022-08-08 09:33:09,22.0752,-159.319,79.12,83,20,12.66
83,Nilokheri,US,2022-08-08 09:33:09,22.0752,-159.319,79.12,83,20,12.66
84,Unye,US,2022-08-08 09:33:09,22.0752,-159.319,79.12,83,20,12.66
85,Xiongzhou,US,2022-08-08 09:33:09,22.0752,-159.319,79.12,83,20,12.66
86,Avarua,US,2022-08-08 09:33:09,22.0752,-159.319,79.12,83,20,12.66
87,Matara,US,2022-08-08 09:33:09,22.0752,-159.319,79.12,83,20,12.66
88,Kurilsk,US,2022-08-08 09:33:09,22.0752,-159.319,79.12,83,20,12.66
89,Gigmoto,US,2022-08-08 09:33:09,22.0752,-159.319,79.12,83,20,12.66
90,Atuona,US,2022-08-08 09:33:09,22.0752,-159.319,79.12,83,20,12.66
91,Ribeira Grande,US,2022-08-08 09:33:09,22.0752,-159.319,79.12,83,20,12.66
92,Bueu,US,2022-08-08 09:33:09,22.0752,-159.319,79.12,83,20,12.66
93,Sibolga,US,2022-08-08 09:33:09,22.0752,-159.319,79.12,83,20,12.66
94,Bauchi,US,2022-08-08 09:33:09,22.0752,-159.319,79.12,83,20,12.66
95,Belmonte,US,2022-08-08 09:33:09,22.0752,-159.319,79.12,83,20,12.66
96,Roma,US,2022-08-08 09:33:09,22.0752,-159.319,79.12,83,20,12.66
97,Touros,US,2022-08-08 09:33:09,22.0752,-159.319,79.12,83,20,12.66
98,Castro,US,2022-08-08 09:33:09,22.0752,-159.319,79.12,83,20,12.66
99,Leshukonskoye,US,2022-08-08 09:33:09,22.0752,-159.319,79.12,83,20,12.66
100,Morden,CA,2022-08-08 09:34:16,49.1919,-98.1014,58.84,88,4,10.36
101,Kalmunai,CA,2022-08-08 09:34:16,49.1919,-98.1014,58.84,88,4,10.36
102,Gat,CA,2022-08-08 09:34:16,49.1919,-98.1014,58.84,88,4,10.36
103,Tasiilaq,CA,2022-08-08 09:34:16,49.1919,-98.1014,58.84,88,4,10.36
104,Teguldet,CA,2022-08-08 09:34:16,49.1919,-98.1014,58.84,88,4,10.36
105,Vytegra,CA,2022-08-08 09:29:45,49.1919,-98.1014,58.84,88,3,10.36
106,Kodiak,CA,2022-08-08 09:29:45,49.1919,-98.1014,58.84,88,3,10.36
107,Sinnamary,CA,2022-08-08 09:29:45,49.1919,-98.1014,58.84,88,3,10.36
108,Saskylakh,CA,2022-08-08 09:29:45,49.1919,-98.1014,58.84,88,3,10.36
109,Astana,CA,2022-08-08 09:29:45,49.1919,-98.1014,58.84,88,3,10.36
110,Honiara,CA,2022-08-08 09:29:45,49.1919,-98.1014,58.84,88,3,10.36
111,Mporokoso,CA,2022-08-08 09:29:45,49.1919,-98.1014,58.84,88,3,10.36
112,Borovoy,CA,2022-08-08 09:34:16,49.1919,-98.1014,58.84,88,4,10.36
113,Khonuu,CA,2022-08-08 09:34:16,49.1919,-98.1014,58.84,88,4,10.36
114,Bonfim,CA,2022-08-08 09:34:16,49.1919,-98.1014,58.84,88,4,10.36
115,Tabiauea,CA,2022-08-08 09:34:16,49.1919,-98.1014,58.84,88,4,10.36
116,Chuguyevka,CA,2022-08-08 09:34:16,49.1919,-98.1014,58.84,88,4,10.36
117,Simga,CA,2022-08-08 09:34:16,49.1919,-98.1014,58.84,88,4,10.36
118,Cartagena Del Chaira,CA,2022-08-08 09:34:16,49.1919,-98.1014,58.84,88,4,10.36
119,Hualmay,CA,2022-08-08 09:34:16,49.1919,-98.1014,58.84,88,4,10.36
120,Huarmey,CA,2022-08-08 09:34:16,49.1919,-98.1014,58.84,88,4,10.36
121,Georgetown,CA,2022-08-08 09:34:16,49.1919,-98.1014,58.84,88,4,10.36
122,The Valley,CA,2022-08-08 09:34:16,49.1919,-98.1014,58.84,88,4,10.36
123,Umzimvubu,CA,2022-08-08 09:34:16,49.1919,-98.1014,58.84,88,4,10.36
124,Mahebourg,CA,2022-08-08 09:34:16,49.1919,-98.1014,58.84,88,4,10.36
125,Waipawa,CA,2022-08-08 09:34:16,49.1919,-98.1014,58.84,88,4,10.36
126,Sakakah,CA,2022-08-08 09:34:16,49.1919,-98.1014,58.84,88,4,10.36
127,Dessau,CA,2022-08-08 09:34:16,49.1919,-98.1014,58.84,88,4,10.36
128,Butaritari,CA,2022-08-08 09:34:16,49.1919,-98.1014,58.84,88,4,10.36
129,Port Hardy,CA,2022-08-08 09:34:16,49.1919,-98.1014,58.84,88,4,10.36
130,Grosse Pointe Park,CA,2022-08-08 09:34:16,49.1919,-98.1014,58.84,88,4,10.36
131,Adrar,CA,2022-08-08 09:34:16,49.1919,-98.1014,58.84,88,4,10.36
132,Puerto Suarez,CA,2022-08-08 09:34:16,49.1919,-98.1014,58.84,88,4,10.36
133,Magaria,CA,2022-08-08 09:34:16,49.1919,-98.1014,58.84,88,4,10.36
134,Kruisfontein,CA,2022-08-08 09:34:16,49.1919,-98.1014,58.84,88,4,10.36
135,Kieta,CA,2022-08-08 09:34:16,49.1919,-98.1014,58.84,88,4,10.36
136,Airai,CA,2022-08-08 09:34:16,49.1919,-98.1014,58.84,88,4,10.36
137,Chara,CA,2022-08-08 09:34:16,49.1919,-98.1014,58.84,88,4,10.36
138,Hongan,CA,2022-08-08 09:34:16,49.1919,-98.1014,58.84,88,4,10.36
139,Lugovoy,CA,2022-08-08 09:34:16,49.1919,-98.1014,58.84,88,4,10.36
140,Olinda,CA,2022-08-08 09:34:16,49.1919,-98.1014,58.84,88,4,10.36
141,Salta,CA,2022-08-08 09:34:16,49.1919,-98.1014,58.84,88,4,10.36
142,Goderich,CA,2022-08-08 09:34:16,49.1919,-98.1014,58.84,88,4,10.36
143,Kismayo,CA,2022-08-08 09:34:16,49.1919,-98.1014,58.84,88,4,10.36
144,Lavrentiya,CA,2022-08-08 09:34:16,49.1919,-98.1014,58.84,88,4,10.36
145,Maningrida,CA,2022-08-08 09:34:16,49.1919,-98.1014,58.84,88,4,10.36
146,Aswan,CA,2022-08-08 09:34:16,49.1919,-98.1014,58.84,88,4,10.36
147,Hithadhoo,CA,2022-08-08 09:34:16,49.1919,-98.1014,58.84,88,4,10.36
148,Ximei,CA,2022-08-08 09:34:16,49.1919,-98.1014,58.84,88,4,10.36
149,Manaus,CA,2022-08-08 09:34:16,49.1919,-98.1014,58.84,88,4,10.36
150,Aykhal,RU,2022-08-08 09:37:17,66.0,111.5,46.24,94,100,5.84
151,Thinadhoo,RU,2022-08-08 09:37:17,66.0,111.5,46.24,94,100,5.84
152,Longyearbyen,RU,2022-08-08 09:37:17,66.0,111.5,46.24,94,100,5.84
153,Lefka,RU,2022-08-08 09:37:17,66.0,111.5,46.24,94,100,5.84
154,Havre-Saint-Pierre,RU,2022-08-08 09:37:17,66.0,111.5,46.24,94,100,5.84
155,Cooma,RU,2022-08-08 09:37:17,66.0,111.5,46.24,94,100,5.84
156,Bilma,RU,2022-08-08 09:37:17,66.0,111.5,46.24,94,100,5.84
157,Verkhnyaya Inta,RU,2022-08-08 09:37:17,66.0,111.5,46.24,94,100,5.84
158,Margate,RU,2022-08-08 09:37:17,66.0,111.5,46.24,94,100,5.84
159,Winslow,RU,2022-08-08 09:37:17,66.0,111.5,46.24,94,100,5.84
160,Bengkulu,RU,2022-08-08 09:37:17,66.0,111.5,46.24,94,100,5.84
161,Loralai,RU,2022-08-08 09:37:17,66.0,111.5,46.24,94,100,5.84
162,Ulundi,RU,2022-08-08 09:37:17,66.0,111.5,46.24,94,100,5.84
163,Mezen,RU,2022-08-08 09:37:17,66.0,111.5,46.24,94,100,5.84
164,Lazaro Cardenas,RU,2022-08-08 09:37:17,66.0,111.5,46.24,94,100,5.84
165,Ampanihy,RU,2022-08-08 09:37:17,66.0,111.5,46.24,94,100,5.84
166,Chimbote,RU,2022-08-08 09:37:17,66.0,111.5,46.24,94,100,5.84
167,Belyy Yar,RU,2022-08-08 09:37:17,66.0,111.5,46.24,94,100,5.84
168,Reporoa,RU,2022-08-08 09:37:17,66.0,111.5,46.24,94,100,5.84
169,Severo-Kurilsk,RU,2022-08-08 09:37:17,66.0,111.5,46.24,94,100,5.84
170,Tumannyy,RU,2022-08-08 09:37:17,66.0,111.5,46.24,94,100,5.84
171,Skjervoy,RU,2022-08-08 09:37:17,66.0,111.5,46.24,94,100,5.84
172,Hearst,RU,2022-08-08 09:37:17,66.0,111.5,46.24,94,100,5.84
173,Iqaluit,RU,2022-08-08 09:37:17,66.0,111.5,46.24,94,100,5.84
174,Homer,RU,2022-08-08 09:37:17,66.0,111.5,46.24,94,100,5.84
175,Palestine,RU,2022-08-08 09:37:17,66.0,111.5,46.24,94,100,5.84
176,Balykshi,RU,2022-08-08 09:37:17,66.0,111.5,46.24,94,100,5.84
177,Concepcion Del Uruguay,RU,2022-08-08 09:37:17,66.0,111.5,46.24,94,100,5.84
178,Vostok,RU,2022-08-08 09:37:17,66.0,111.5,46.24,94,100,5.84
179,Gizo,RU,2022-08-08 09:37:17,66.0,111.5,46.24,94,100,5.84
180,Husavik,RU,2022-08-08 09:37:17,66.0,111.5,46.24,94,100,5.84
181,Shenjiamen,RU,2022-08-08 09:37:17,66.0,111.5,46.24,94,100,5.84
182,East London,RU,2022-08-08 09:37:17,66.0,111.5,46.24,94,100,5.84
183,Carnarvon,RU,2022-08-08 09:37:17,66.0,111.5,46.24,94,100,5.84
184,Khandyga,RU,2022-08-08 09:37:17,66.0,111.5,46.24,94,100,5.84
185,Vakhsh,RU,2022-08-08 09:37:17,66.0,111.5,46.24,94,100,5.84
186,Auki,RU,2022-08-08 09:37:17,66.0,111.5,46.24,94,100,5.84
187,Radovitskiy,RU,2022-08-08 09:37:17,66.0,111.5,46.24,94,100,5.84
188,Komsomolets,RU,2022-08-08 09:37:17,66.0,111.5,46.24,94,100,5.84
189,Ancud,RU,2022-08-08 09:37:17,66.0,111.5,46.24,94,100,5.84
190,Ponta Do Sol,RU,2022-08-08 09:37:17,66.0,111.5,46.24,94,100,5.84
191,Nantucket,RU,2022-08-08 09:37:17,66.0,111.5,46.24,94,100,5.84
192,Nizhneyansk,RU,2022-08-08 09:37:17,66.0,111.5,46.24,94,100,5.84
193,Montenegro,RU,2022-08-08 09:37:17,66.0,111.5,46.24,94,100,5.84
194,Necochea,RU,2022-08-08 09:37:17,66.0,111.5,46.24,94,100,5.84
195,Daru,RU,2022-08-08 09:37:17,66.0,111.5,46.24,94,100,5.84
196,Avera,RU,2022-08-08 09:37:17,66.0,111.5,46.24,94,100,5.84
197,Souillac,RU,2022-08-08 09:37:17,66.0,111.5,46.24,94,100,5.84
198,Tautira,RU,2022-08-08 09:37:17,66.0,111.5,46.24,94,100,5.84
199,Koulikoro,RU,2022-08-08 09:37:17,66.0,111.5,46.24,94,100,5.84
200,Bathsheba,BB,2022-08-08 09:38:23,13.2167,-59.5167,81.21,92,40,17.27
201,Jiblah,BB,2022-08-08 09:38:23,13.2167,-59.5167,81.21,92,40,17.27
202,Isangel,BB,2022-08-08 09:38:23,13.2167,-59.5167,81.21,92,40,17.27
203,Mopti,BB,2022-08-08 09:38:23,13.2167,-59.5167,81.21,92,40,17.27
204,Moron,BB,2022-08-08 09:38:23,13.2167,-59.5167,81.21,92,40,17.27
205,Kaa-Khem,BB,2022-08-08 09:38:23,13.2167,-59.5167,81.21,92,40,17.27
206,Padang,BB,2022-08-08 09:38:23,13.2167,-59.5167,81.21,92,40,17.27
207,Tura,BB,2022-08-08 09:38:23,13.2167,-59.5167,81.21,92,40,17.27
208,Portland,BB,2022-08-08 09:38:23,13.2167,-59.5167,81.21,92,40,17.27
209,Kalyny,BB,2022-08-08 09:38:23,13.2167,-59.5167,81.21,92,40,17.27
210,Cervo,BB,2022-08-08 09:38:23,13.2167,-59.5167,81.21,92,40,17.27
211,Grand River South East,BB,2022-08-08 09:38:23,13.2167,-59.5167,81.21,92,40,17.27
212,Zhangjiakou,BB,2022-08-08 09:38:23,13.2167,-59.5167,81.21,92,40,17.27
213,Severo-Yeniseyskiy,BB,2022-08-08 09:38:23,13.2167,-59.5167,81.21,92,40,17.27
214,Morros,BB,2022-08-08 09:38:23,13.2167,-59.5167,81.21,92,40,17.27
215,Namatanai,BB,2022-08-08 09:38:23,13.2167,-59.5167,81.21,92,40,17.27
216,Amderma,BB,2022-08-08 09:38:23,13.2167,-59.5167,81.21,92,40,17.27
217,Samusu,BB,2022-08-08 09:38:23,13.2167,-59.5167,81.21,92,40,17.27
218,Pavda,BB,2022-08-08 09:38:23,13.2167,-59.5167,81.21,92,40,17.27
219,Upernavik,BB,2022-08-08 09:38:23,13.2167,-59.5167,81.21,92,40,17.27
220,Teya,BB,2022-08-08 09:38:23,13.2167,-59.5167,81.21,92,40,17.27
221,Andapa,BB,2022-08-08 09:38:23,13.2167,-59.5167,81.21,92,40,17.27
222,Key Biscayne,BB,2022-08-08 09:38:23,13.2167,-59.5167,81.21,92,40,17.27
223,Fare,BB,2022-08-08 09:38:23,13.2167,-59.5167,81.21,92,40,17.27
224,Stillwater,BB,2022-08-08 09:38:23,13.2167,-59.5167,81.21,92,40,17.27
225,Rungata,BB,2022-08-08 09:38:23,13.2167,-59.5167,81.21,92,40,17.27
226,Syracuse,BB,2022-08-08 09:38:23,13.2167,-59.5167,81.21,92,40,17.27
227,Tsihombe,BB,2022-08-08 09:38:23,13.2167,-59.5167,81.21,92,40,17.27
228,Mansar,BB,2022-08-08 09:38:23,13.2167,-59.5167,81.21,92,40,17.27
229,Sakaraha,BB,2022-08-08 09:38:23,13.2167,-59.5167,81.21,92,40,17.27
230,Mogok,BB,2022-08-08 09:38:23,13.2167,-59.5167,81.21,92,40,17.27
231,Anadyr,BB,2022-08-08 09:38:23,13.2167,-59.5167,81.21,92,40,17.27
232,Prince Rupert,BB,2022-08-08 09:38:23,13.2167,-59.5167,81.21,92,40,17.27
233,Koyilandi,BB,2022-08-08 09:38:23,13.2167,-59.5167,81.21,92,40,17.27
234,Codrington,BB,2022-08-08 09:38:23,13.2167,-59.5167,81.21,92,40,17.27
235,Augusto Correa,BB,2022-08-08 09:38:23,13.2167,-59.5167,81.21,92,40,17.27
236,Puerto Leguizamo,BB,2022-08-08 09:38:23,13.2167,-59.5167,81.21,92,40,17.27
237,Meteti,BB,2022-08-08 09:38:23,13.2167,-59.5167,81.21,92,40,17.27
238,Cairns,BB,2022-08-08 09:38:23,13.2167,-59.5167,81.21,92,40,17.27
239,Winnemucca,BB,2022-08-08 09:38:23,13.2167,-59.5167,81.21,92,40,17.27
240,Longhua,BB,2022-08-08 09:38:23,13.2167,-59.5167,81.21,92,40,17.27
241,Sangar,BB,2022-08-08 09:38:23,13.2167,-59.5167,81.21,92,40,17.27
242,College,BB,2022-08-08 09:38:23,13.2167,-59.5167,81.21,92,40,17.27
243,Korla,BB,2022-08-08 09:38:23,13.2167,-59.5167,81.21,92,40,17.27
244,Stokmarknes,BB,2022-08-08 09:38:23,13.2167,-59.5167,81.21,92,40,17.27
245,Chokurdakh,BB,2022-08-08 09:38:23,13.2167,-59.5167,81.21,92,40,17.27
246,Lisala,BB,2022-08-08 09:38:23,13.2167,-59.5167,81.21,92,40,17.27
247,Yerbogachen,BB,2022-08-08 09:38:23,13.2167,-59.5167,81.21,92,40,17.27
248,Sept-Iles,BB,2022-08-08 09:38:23,13.2167,-59.5167,81.21,92,40,17.27
249,Marau,BB,2022-08-08 09:38:23,13.2167,-59.5167,81.21,92,40,17.27
250,Santa Engracia,ES,2022-08-08 09:39:28,41.9406,-1.3245,91.13,38,1,2.59
251,Aasiaat,ES,2022-08-08 09:39:28,41.9406,-1.3245,91.13,38,1,2.59
252,Mulchen,ES,2022-08-08 09:39:28,41.9406,-1.3245,91.13,38,1,2.59
253,Formosa Do Rio Preto,ES,2022-08-08 09:39:28,41.9406,-1.3245,91.13,38,1,2.59
254,Nioro,ES,2022-08-08 09:39:28,41.9406,-1.3245,91.13,38,1,2.59
255,Lagoa,ES,2022-08-08 09:39:28,41.9406,-1.3245,91.13,38,1,2.59
256,Opuwo,ES,2022-08-08 09:39:29,41.9406,-1.3245,91.13,38,1,2.59
257,Lakatoro,ES,2022-08-08 09:39:29,41.9406,-1.3245,91.13,38,1,2.59
258,Tidore,ES,2022-08-08 09:39:29,41.9406,-1.3245,91.13,38,1,2.59
259,Honningsvag,ES,2022-08-08 09:39:29,41.9406,-1.3245,91.13,38,1,2.59
260,Khuzdar,ES,2022-08-08 09:39:29,41.9406,-1.3245,91.13,38,1,2.59
261,Belushya Guba,ES,2022-08-08 09:39:29,41.9406,-1.3245,91.13,38,1,2.59
262,Amguri,ES,2022-08-08 09:39:29,41.9406,-1.3245,91.13,38,1,2.59
263,Samarai,ES,2022-08-08 09:39:28,41.9406,-1.3245,91.13,38,1,2.59
264,Staryy Nadym,ES,2022-08-08 09:39:28,41.9406,-1.3245,91.13,38,1,2.59
265,Port Lavaca,ES,2022-08-08 09:39:28,41.9406,-1.3245,91.13,38,1,2.59
266,Bereda,ES,2022-08-08 09:39:28,41.9406,-1.3245,91.13,38,1,2.59
267,Wittenberge,ES,2022-08-08 09:39:28,41.9406,-1.3245,91.13,38,1,2.59
268,Pasni,ES,2022-08-08 09:39:28,41.9406,-1.3245,91.13,38,1,2.59
269,Esso,ES,2022-08-08 09:39:28,41.9406,-1.3245,91.13,38,1,2.59
270,Bambous Virieux,ES,2022-08-08 09:39:28,41.9406,-1.3245,91.13,38,1,2.59
271,Egvekinot,ES,2022-08-08 09:39:28,41.9406,-1.3245,91.13,38,1,2.59
272,Mendahara,ES,2022-08-08 09:39:28,41.9406,-1.3245,91.13,38,1,2.59
273,Comodoro Rivadavia,ES,2022-08-08 09:39:28,41.9406,-1.3245,91.13,38,1,2.59
274,Nyrsko,ES,2022-08-08 09:39:28,41.9406,-1.3245,91.13,38,1,2.59
275,Kuche,ES,2022-08-08 09:39:28,41.9406,-1.3245,91.13,38,1,2.59
276,Onguday,ES,2022-08-08 09:39:28,41.9406,-1.3245,91.13,38,1,2.59
277,Coahuayana,ES,2022-08-08 09:39:28,41.9406,-1.3245,91.13,38,1,2.59
278,Kudahuvadhoo,ES,2022-08-08 09:39:28,41.9406,-1.3245,91.13,38,1,2.59
279,Tuatapere,ES,2022-08-08 09:39:28,41.9406,-1.3245,91.13,38,1,2.59
280,Myanaung,ES,2022-08-08 09:39:28,41.9406,-1.3245,91.13,38,1,2.59
281,Stornoway,ES,2022-08-08 09:39:28,41.9406,-1.3245,91.13,38,1,2.59
282,Capitan Bado,ES,2022-08-08 09:39:28,41.9406,-1.3245,91.13,38,1,2.59
283,Telenesti,ES,2022-08-08 09:39:28,41.9406,-1.3245,91.13,38,1,2.59
284,Gushi,ES,2022-08-08 09:39:28,41.9406,-1.3245,91.13,38,1,2.59
285,Mwinilunga,ES,2022-08-08 09:39:28,41.9406,-1.3245,91.13,38,1,2.59
286,Odweyne,ES,2022-08-08 09:39:28,41.9406,-1.3245,91.13,38,1,2.59
287,Cidreira,ES,2022-08-08 09:39:28,41.9406,-1.3245,91.13,38,1,2.59
288,Moranbah,ES,2022-08-08 09:39:28,41.9406,-1.3245,91.13,38,1,2.59
289,Tilichiki,ES,2022-08-08 09:39:28,41.9406,-1.3245,91.13,38,1,2.59
290,Barceloneta,ES,2022-08-08 09:39:28,41.9406,-1.3245,91.13,38,1,2.59
291,Horki,ES,2022-08-08 09:39:28,41.9406,-1.3245,91.13,38,1,2.59
292,Bam,ES,2022-08-08 09:39:28,41.9406,-1.3245,91.13,38,1,2.59
293,Antanifotsy,ES,2022-08-08 09:39:28,41.9406,-1.3245,91.13,38,1,2.59
294,Langsa,ES,2022-08-08 09:39:28,41.9406,-1.3245,91.13,38,1,2.59
295,Jibuti,ES,2022-08-08 09:39:28,41.9406,-1.3245,91.13,38,1,2.59
296,Salalah,ES,2022-08-08 09:39:28,41.9406,-1.3245,91.13,38,1,2.59
297,Chapada Dos Guimaraes,ES,2022-08-08 09:39:28,41.9406,-1.3245,91.13,38,1,2.59
298,Berlevag,ES,2022-08-08 09:39:28,41.9406,-1.3245,91.13,38,1,2.59
299,Palabuhanratu,ES,2022-08-08 09:39:28,41.9406,-1.3245,91.13,38,1,2.59
300,Luena,AO,2022-08-08 09:40:35,-11.7833,19.9167,77.18,57,0,9.22
301,Saleaula,AO,2022-08-08 09:40:35,-11.7833,19.9167,77.18,57,0,9.22
302,Vao,AO,2022-08-08 09:40:35,-11.7833,19.9167,77.18,57,0,9.22
303,Lorengau,AO,2022-08-08 09:40:35,-11.7833,19.9167,77.18,57,0,9.22
304,Beaufort,AO,2022-08-08 09:40:35,-11.7833,19.9167,77.18,57,0,9.22
305,Nome,AO,2022-08-08 09:40:35,-11.7833,19.9167,77.18,57,0,9.22
306,Ostrovnoy,AO,2022-08-08 09:40:36,-11.7833,19.9167,77.18,57,0,9.22
307,Ust-Kuyga,AO,2022-08-08 09:40:36,-11.7833,19.9167,77.18,57,0,9.22
308,Mlonggo,AO,2022-08-08 09:40:36,-11.7833,19.9167,77.18,57,0,9.22
309,Torbay,AO,2022-08-08 09:40:36,-11.7833,19.9167,77.18,57,0,9.22
310,Mecca,AO,2022-08-08 09:40:36,-11.7833,19.9167,77.18,57,0,9.22
311,Opole Lubelskie,AO,2022-08-08 09:40:36,-11.7833,19.9167,77.18,57,0,9.22
312,Krasnoborsk,AO,2022-08-08 09:40:36,-11.7833,19.9167,77.18,57,0,9.22
313,Zdvinsk,AO,2022-08-08 09:40:37,-11.7833,19.9167,77.18,57,0,9.22
314,Kaitangata,AO,2022-08-08 09:40:37,-11.7833,19.9167,77.18,57,0,9.22
315,Hervey Bay,AO,2022-08-08 09:40:37,-11.7833,19.9167,77.18,57,0,9.22
316,Acajutla,AO,2022-08-08 09:40:37,-11.7833,19.9167,77.18,57,0,9.22
317,Bac Lieu,AO,2022-08-08 09:40:37,-11.7833,19.9167,77.18,57,0,9.22
318,Puerto Madryn,AO,2022-08-08 09:40:37,-11.7833,19.9167,77.18,57,0,9.22
319,Gogrial,AO,2022-08-08 09:40:37,-11.7833,19.9167,77.18,57,0,9.22
320,Garoua,AO,2022-08-08 09:40:35,-11.7833,19.9167,77.18,57,0,9.22
321,Tsiroanomandidy,AO,2022-08-08 09:40:35,-11.7833,19.9167,77.18,57,0,9.22
322,Camocim,AO,2022-08-08 09:40:35,-11.7833,19.9167,77.18,57,0,9.22
323,Moose Factory,AO,2022-08-08 09:40:35,-11.7833,19.9167,77.18,57,0,9.22
324,Aginskoye,AO,2022-08-08 09:40:35,-11.7833,19.9167,77.18,57,0,9.22
325,Turkistan,AO,2022-08-08 09:40:35,-11.7833,19.9167,77.18,57,0,9.22
326,Mehamn,AO,2022-08-08 09:40:35,-11.7833,19.9167,77.18,57,0,9.22
327,Muisne,AO,2022-08-08 09:40:35,-11.7833,19.9167,77.18,57,0,9.22
328,Sao Sebastiao,AO,2022-08-08 09:40:35,-11.7833,19.9167,77.18,57,0,9.22
329,Shamkhal,AO,2022-08-08 09:40:35,-11.7833,19.9167,77.18,57,0,9.22
330,Mercedes,AO,2022-08-08 09:40:35,-11.7833,19.9167,77.18,57,0,9.22
331,Novyy Urengoy,AO,2022-08-08 09:40:35,-11.7833,19.9167,77.18,57,0,9.22
332,Samalaeulu,AO,2022-08-08 09:40:35,-11.7833,19.9167,77.18,57,0,9.22
333,Matsubara,AO,2022-08-08 09:40:35,-11.7833,19.9167,77.18,57,0,9.22
334,San Vicente,AO,2022-08-08 09:40:35,-11.7833,19.9167,77.18,57,0,9.22
335,Sorland,AO,2022-08-08 09:40:35,-11.7833,19.9167,77.18,57,0,9.22
336,Mudyuga,AO,2022-08-08 09:40:35,-11.7833,19.9167,77.18,57,0,9.22
337,Sambava,AO,2022-08-08 09:40:35,-11.7833,19.9167,77.18,57,0,9.22
338,Talnakh,AO,2022-08-08 09:40:35,-11.7833,19.9167,77.18,57,0,9.22
339,Klaksvik,AO,2022-08-08 09:40:35,-11.7833,19.9167,77.18,57,0,9.22
340,Saint George,AO,2022-08-08 09:40:35,-11.7833,19.9167,77.18,57,0,9.22
341,Ostersund,AO,2022-08-08 09:40:35,-11.7833,19.9167,77.18,57,0,9.22
342,Sinkat,AO,2022-08-08 09:40:35,-11.7833,19.9167,77.18,57,0,9.22
343,Shakawe,AO,2022-08-08 09:40:35,-11.7833,19.9167,77.18,57,0,9.22
344,Sao Felix Do Xingu,AO,2022-08-08 09:40:35,-11.7833,19.9167,77.18,57,0,9.22
345,Crotone,AO,2022-08-08 09:40:35,-11.7833,19.9167,77.18,57,0,9.22
346,Olenegorsk,AO,2022-08-08 09:40:35,-11.7833,19.9167,77.18,57,0,9.22
347,Korhogo,AO,2022-08-08 09:40:35,-11.7833,19.9167,77.18,57,0,9.22
348,Lalmohan,AO,2022-08-08 09:40:35,-11.7833,19.9167,77.18,57,0,9.22
349,Vallenar,AO,2022-08-08 09:40:35,-11.7833,19.9167,77.18,57,0,9.22
350,Urumqi,CN,2022-08-08 09:41:41,43.801,87.6005,90.55,24,0,6.71
351,Uchiza,CN,2022-08-08 09:41:41,43.801,87.6005,90.55,24,0,6.71
352,Naron,CN,2022-08-08 09:41:41,43.801,87.6005,90.55,24,0,6.71
353,Naze,CN,2022-08-08 09:41:41,43.801,87.6005,90.55,24,0,6.71
354,Half Moon Bay,CN,2022-08-08 09:41:41,43.801,87.6005,90.55,24,0,6.71
355,Vila Velha,CN,2022-08-08 09:41:41,43.801,87.6005,90.55,24,0,6.71
356,Narsaq,CN,2022-08-08 09:41:41,43.801,87.6005,90.55,24,0,6.71
357,Linchuan,CN,2022-08-08 09:41:41,43.801,87.6005,90.55,24,0,6.71
358,Makakilo City,CN,2022-08-08 09:41:41,43.801,87.6005,90.55,24,0,6.71
359,Maun,CN,2022-08-08 09:41:41,43.801,87.6005,90.55,24,0,6.71
360,Katsuura,CN,2022-08-08 09:41:41,43.801,87.6005,90.55,24,0,6.71
361,Canete,CN,2022-08-08 09:41:41,43.801,87.6005,90.55,24,0,6.71
362,Seoul,CN,2022-08-08 09:41:41,43.801,87.6005,90.55,24,0,6.71
363,Mabaruma,CN,2022-08-08 09:41:41,43.801,87.6005,90.55,24,0,6.71
364,Palmer,CN,2022-08-08 09:41:41,43.801,87.6005,90.55,24,0,6.71
365,West Monroe,CN,2022-08-08 09:40:02,43.801,87.6005,90.55,24,0,6.71
366,Doha,CN,2022-08-08 09:40:02,43.801,87.6005,90.55,24,0,6.71
367,Constitucion,CN,2022-08-08 09:40:02,43.801,87.6005,90.55,24,0,6.71
368,Altus,CN,2022-08-08 09:40:02,43.801,87.6005,90.55,24,0,6.71
369,Al,CN,2022-08-08 09:40:02,43.801,87.6005,90.55,24,0,6.71
370,Vanderhoof,CN,2022-08-08 09:40:02,43.801,87.6005,90.55,24,0,6.71
371,Fjerritslev,CN,2022-08-08 09:40:02,43.801,87.6005,90.55,24,0,6.71
372,Noumea,CN,2022-08-08 09:40:02,43.801,87.6005,90.55,24,0,6.71
373,Kokomo,CN,2022-08-08 09:40:02,43.801,87.6005,90.55,24,0,6.71
374,Riverton,CN,2022-08-08 09:40:02,43.801,87.6005,90.55,24,0,6.71
375,Mapastepec,CN,2022-08-08 09:41:41,43.801,87.6005,90.55,24,0,6.71
376,Udachnyy,CN,2022-08-08 09:41:41,43.801,87.6005,90.55,24,0,6.71
377,Kahului,CN,2022-08-08 09:41:41,43.801,87.6005,90.55,24,0,6.71
378,Mayo,CN,2022-08-08 09:41:41,43.801,87.6005,90.55,24,0,6.71
379,Sopot,CN,2022-08-08 09:41:41,43.801,87.6005,90.55,24,0,6.71
380,Itarema,CN,2022-08-08 09:41:41,43.801,87.6005,90.55,24,0,6.71
381,Kulhudhuffushi,CN,2022-08-08 09:41:41,43.801,87.6005,90.55,24,0,6.71
382,Hamilton,CN,2022-08-08 09:41:41,43.801,87.6005,90.55,24,0,6.71
383,Buraydah,CN,2022-08-08 09:41:41,43.801,87.6005,90.55,24,0,6.71
384,Diffa,CN,2022-08-08 09:41:41,43.801,87.6005,90.55,24,0,6.71
385,Catia La Mar,CN,2022-08-08 09:41:41,43.801,87.6005,90.55,24,0,6.71
386,Zhigansk,CN,2022-08-08 09:41:41,43.801,87.6005,90.55,24,0,6.71
387,Calvinia,CN,2022-08-08 09:41:41,43.801,87.6005,90.55,24,0,6.71
388,Panaba,CN,2022-08-08 09:41:41,43.801,87.6005,90.55,24,0,6.71
389,Chagda,CN,2022-08-08 09:41:41,43.801,87.6005,90.55,24,0,6.71
390,Muros,CN,2022-08-08 09:41:41,43.801,87.6005,90.55,24,0,6.71
391,Barra Do Garcas,CN,2022-08-08 09:41:41,43.801,87.6005,90.55,24,0,6.71
392,Portage,CN,2022-08-08 09:41:41,43.801,87.6005,90.55,24,0,6.71
393,Flinders,CN,2022-08-08 09:41:41,43.801,87.6005,90.55,24,0,6.71
394,Rawson,CN,2022-08-08 09:41:41,43.801,87.6005,90.55,24,0,6.71
395,Tateyama,CN,2022-08-08 09:41:41,43.801,87.6005,90.55,24,0,6.71
396,Achisay,CN,2022-08-08 09:41:41,43.801,87.6005,90.55,24,0,6.71
397,Daudnagar,CN,2022-08-08 09:41:41,43.801,87.6005,90.55,24,0,6.71
398,Sao Joao Da Barra,CN,2022-08-08 09:41:41,43.801,87.6005,90.55,24,0,6.71
399,Talalayivka,CN,2022-08-08 09:41:41,43.801,87.6005,90.55,24,0,6.71
400,Camacha,PT,2022-08-08 09:42:47,33.0833,-16.3333,71.02,60,40,13.8
401,Ulaangom,PT,2022-08-08 09:42:47,33.0833,-16.3333,71.02,60,40,13.8
402,Hasaki,PT,2022-08-08 09:42:47,33.0833,-16.3333,71.02,60,40,13.8
403,Mochalishche,PT,2022-08-08 09:42:47,33.0833,-16.3333,71.02,60,40,13.8
404,North Bend,PT,2022-08-08 09:42:47,33.0833,-16.3333,71.02,60,40,13.8
405,Buala,PT,2022-08-08 09:42:47,33.0833,-16.3333,71.02,60,40,13.8
406,Aguimes,PT,2022-08-08 09:42:47,33.0833,-16.3333,71.02,60,40,13.8
407,Bachaquero,PT,2022-08-08 09:42:47,33.0833,-16.3333,71.02,60,40,13.8
408,San Andres,PT,2022-08-08 09:42:47,33.0833,-16.3333,71.02,60,40,13.8
409,Solnechnyy,PT,2022-08-08 09:42:47,33.0833,-16.3333,71.02,60,40,13.8
410,Neuquen,PT,2022-08-08 09:42:47,33.0833,-16.3333,71.02,60,40,13.8
411,Togul,PT,2022-08-08 09:42:47,33.0833,-16.3333,71.02,60,40,13.8
412,Tselinnoye,PT,2022-08-08 09:42:47,33.0833,-16.3333,71.02,60,40,13.8
413,Umm Jarr,PT,2022-08-08 09:42:47,33.0833,-16.3333,71.02,60,40,13.8
414,Mao,PT,2022-08-08 09:42:47,33.0833,-16.3333,71.02,60,40,13.8
415,Tupelo,PT,2022-08-08 09:42:47,33.0833,-16.3333,71.02,60,40,13.8
416,Los Llanos De Aridane,PT,2022-08-08 09:42:47,33.0833,-16.3333,71.02,60,40,13.8
417,Raudeberg,PT,2022-08-08 09:42:47,33.0833,-16.3333,71.02,60,40,13.8
418,Utiroa,PT,2022-08-08 09:42:47,33.0833,-16.3333,71.02,60,40,13.8
419,Armacao Dos Buzios,PT,2022-08-08 09:42:47,33.0833,-16.3333,71.02,60,40,13.8
420,Kazanovka,PT,2022-08-08 09:42:47,33.0833,-16.3333,71.02,60,40,13.8
421,Kabanjahe,PT,2022-08-08 09:42:47,33.0833,-16.3333,71.02,60,40,13.8
422,Ukiah,PT,2022-08-08 09:42:47,33.0833,-16.3333,71.02,60,40,13.8
423,Caucasia,PT,2022-08-08 09:42:47,33.0833,-16.3333,71.02,60,40,13.8
424,Ahipara,PT,2022-08-08 09:42:47,33.0833,-16.3333,71.02,60,40,13.8
425,Tsabong,PT,2022-08-08 09:42:47,33.0833,-16.3333,71.02,60,40,13.8
426,Batsfjord,PT,2022-08-08 09:42:47,33.0833,-16.3333,71.02,60,40,13.8
427,Ugoofaaru,PT,2022-08-08 09:42:47,33.0833,-16.3333,71.02,60,40,13.8
428,Jardim,PT,2022-08-08 09:42:47,33.0833,-16.3333,71.02,60,40,13.8
429,Sakaiminato,PT,2022-08-08 09:42:47,33.0833,-16.3333,71.02,60,40,13.8
430,Ishigaki,PT,2022-08-08 09:42:47,33.0833,-16.3333,71.02,60,40,13.8
431,Verkhnya Syrovatka,PT,2022-08-08 09:42:47,33.0833,-16.3333,71.02,60,40,13.8
432,Yaan,PT,2022-08-08 09:42:47,33.0833,-16.3333,71.02,60,40,13.8
433,Ossora,PT,2022-08-08 09:42:47,33.0833,-16.3333,71.02,60,40,13.8
434,Nushki,PT,2022-08-08 09:42:47,33.0833,-16.3333,71.02,60,40,13.8
435,Imabari,PT,2022-08-08 09:42:47,33.0833,-16.3333,71.02,60,40,13.8
436,Mogadishu,PT,2022-08-08 09:42:47,33.0833,-16.3333,71.02,60,40,13.8
437,Gaoua,PT,2022-08-08 09:42:47,33.0833,-16.3333,71.02,60,40,13.8
438,Tazagyukh,PT,2022-08-08 09:42:47,33.0833,-16.3333,71.02,60,40,13.8
439,Nhulunbuy,PT,2022-08-08 09:42:47,33.0833,-16.3333,71.02,60,40,13.8
440,Dillon,PT,2022-08-08 09:42:47,33.0833,-16.3333,71.02,60,40,13.8
441,Cangucu,PT,2022-08-08 09:42:47,33.0833,-16.3333,71.02,60,40,13.8
442,Lindon,PT,2022-08-08 09:42:47,33.0833,-16.3333,71.02,60,40,13.8
443,Danilov,PT,2022-08-08 09:42:47,33.0833,-16.3333,71.02,60,40,13.8
444,Jiangyou,PT,2022-08-08 09:42:47,33.0833,-16.3333,71.02,60,40,13.8
445,Yaya,PT,2022-08-08 09:42:47,33.0833,-16.3333,71.02,60,40,13.8
446,Xining,PT,2022-08-08 09:42:47,33.0833,-16.3333,71.02,60,40,13.8
447,Marienburg,PT,2022-08-08 09:42:47,33.0833,-16.3333,71.02,60,40,13.8
448,Cacequi,PT,2022-08-08 09:42:47,33.0833,-16.3333,71.02,60,40,13.8
449,Marcona,PT,2022-08-08 09:42:47,33.0833,-16.3333,71.02,60,40,13.8
450,Kavaratti,IN,2022-08-08 09:43:53,10.5669,72.642,80.71,83,94,23.17
451,San Rafael,IN,2022-08-08 09:43:53,10.5669,72.642,80.71,83,94,23.17
452,Kloulklubed,IN,2022-08-08 09:43:53,10.5669,72.642,80.71,83,94,23.17
453,Oda,IN,2022-08-08 09:43:53,10.5669,72.642,80.71,83,94,23.17
454,Lydenburg,IN,2022-08-08 09:43:53,10.5669,72.642,80.71,83,94,23.17
455,Yamaranguila,IN,2022-08-08 09:43:53,10.5669,72.642,80.71,83,94,23.17
456,Aksu,IN,2022-08-08 09:43:53,10.5669,72.642,80.71,83,94,23.17
457,Oyama,IN,2022-08-08 09:43:54,10.5669,72.642,80.71,83,94,23.17
458,Clyde,IN,2022-08-08 09:43:54,10.5669,72.642,80.71,83,94,23.17
459,Kirakira,IN,2022-08-08 09:43:54,10.5669,72.642,80.71,83,94,23.17
460,Quepos,IN,2022-08-08 09:43:54,10.5669,72.642,80.71,83,94,23.17
461,Mareeba,IN,2022-08-08 09:43:54,10.5669,72.642,80.71,83,94,23.17
462,Madras,IN,2022-08-08 09:43:54,10.5669,72.642,80.71,83,94,23.17
463,Zlitan,IN,2022-08-08 09:43:54,10.5669,72.642,80.71,83,94,23.17
464,Wilmington,IN,2022-08-08 09:43:54,10.5669,72.642,80.71,83,94,23.17
465,Champoton,IN,2022-08-08 09:43:54,10.5669,72.642,80.71,83,94,23.17
466,Grindavik,IN,2022-08-08 09:43:54,10.5669,72.642,80.71,83,94,23.17
467,Kozhevnikovo,IN,2022-08-08 09:43:54,10.5669,72.642,80.71,83,94,23.17
468,Halalo,IN,2022-08-08 09:43:54,10.5669,72.642,80.71,83,94,23.17
469,Mount Isa,IN,2022-08-08 09:43:54,10.5669,72.642,80.71,83,94,23.17
470,Dauriya,IN,2022-08-08 09:43:54,10.5669,72.642,80.71,83,94,23.17
471,Beringovskiy,IN,2022-08-08 09:43:54,10.5669,72.642,80.71,83,94,23.17
472,Bredy,IN,2022-08-08 09:43:54,10.5669,72.642,80.71,83,94,23.17
473,Fort-Shevchenko,IN,2022-08-08 09:43:54,10.5669,72.642,80.71,83,94,23.17
474,Tabas,IN,2022-08-08 09:43:54,10.5669,72.642,80.71,83,94,23.17
475,Vila Franca Do Campo,IN,2022-08-08 09:43:54,10.5669,72.642,80.71,83,94,23.17
476,Buin,IN,2022-08-08 09:43:54,10.5669,72.642,80.71,83,94,23.17
477,Nabire,IN,2022-08-08 09:43:54,10.5669,72.642,80.71,83,94,23.17
478,Saint Paul,IN,2022-08-08 09:43:54,10.5669,72.642,80.71,83,94,23.17
479,Marsh Harbour,IN,2022-08-08 09:43:54,10.5669,72.642,80.71,83,94,23.17
480,Abha,IN,2022-08-08 09:43:54,10.5669,72.642,80.71,83,94,23.17
481,Jilib,IN,2022-08-08 09:43:54,10.5669,72.642,80.71,83,94,23.17
482,Vilyuysk,IN,2022-08-08 09:43:54,10.5669,72.642,80.71,83,94,23.17
483,Salamina,IN,2022-08-08 09:43:54,10.5669,72.642,80.71,83,94,23.17
484,Silistea,IN,2022-08-08 09:43:54,10.5669,72.642,80.71,83,94,23.17
485,Boyolangu,IN,2022-08-08 09:43:54,10.5669,72.642,80.71,83,94,23.17
486,Port-Gentil,IN,2022-08-08 09:43:54,10.5669,72.642,80.71,83,94,23.17
487,Villa Carlos Paz,IN,2022-08-08 09:43:54,10.5669,72.642,80.71,83,94,23.17
488,Iberia,IN,2022-08-08 09:43:54,10.5669,72.642,80.71,83,94,23.17
489,Grand Gaube,IN,2022-08-08 09:43:54,10.5669,72.642,80.71,83,94,23.17
490,Ilhabela,IN,2022-08-08 09:43:54,10.5669,72.642,80.71,83,94,23.17
491,Cam Pha,IN,2022-08-08 09:43:54,10.5669,72.642,80.71,83,94,23.17
492,Kungurtug,IN,2022-08-08 09:43:54,10.5669,72.642,80.71,83,94,23.17
493,Verkhniy Ufaley,IN,2022-08-08 09:43:54,10.5669,72.642,80.71,83,94,23.17
494,Lere,IN,2022-08-08 09:43:54,10.5669,72.642,80.71,83,94,23.17
495,Koungheul,IN,2022-08-08 09:43:54,10.5669,72.642,80.71,83,94,23.17
496,Merida,IN,2022-08-08 09:43:54,10.5669,72.642,80.71,83,94,23.17
497,Oum Hadjer,IN,2022-08-08 09:43:54,10.5669,72.642,80.71,83,94,23.17
498,Roebourne,IN,2022-08-08 09:43:54,10.5669,72.642,80.71,83,94,23.17
499,Silver City,IN,2022-08-08 09:43:54,10.5669,72.642,80.71,83,94,23.17
500,Maceio,BR,2022-08-08 09:44:20,-9.6658,-35.7353,69.24,94,40,3.44
501,Ormond Beach,BR,2022-08-08 09:44:20,-9.6658,-35.7353,69.24,94,40,3.44
502,Geresk,BR,2022-08-08 09:44:20,-9.6658,-35.7353,69.24,94,40,3.44
503,Asyut,BR,2022-08-08 09:44:20,-9.6658,-35.7353,69.24,94,40,3.44
504,Konigs Wusterhausen,BR,2022-08-08 09:44:20,-9.6658,-35.7353,69.24,94,40,3.44
505,Lincoln,BR,2022-08-08 09:44:20,-9.6658,-35.7353,69.24,94,40,3.44
506,Lubango,BR,2022-08-08 09:44:20,-9.6658,-35.7353,69.24,94,40,3.44
507,Lompoc,BR,2022-08-08 09:44:20,-9.6658,-35.7353,69.24,94,40,3.44
508,Venice,BR,2022-08-08 09:44:20,-9.6658,-35.7353,69.24,94,40,3.44
509,Talcahuano,BR,2022-08-08 09:44:20,-9.6658,-35.7353,69.24,94,40,3.44
510,Lagdo,BR,2022-08-08 09:44:20,-9.6658,-35.7353,69.24,94,40,3.44
511,Nuoro,BR,2022-08-08 09:44:20,-9.6658,-35.7353,69.24,94,40,3.44
512,Sorong,BR,2022-08-08 09:44:20,-9.6658,-35.7353,69.24,94,40,3.44
513,Beyneu,BR,2022-08-08 09:44:20,-9.6658,-35.7353,69.24,94,40,3.44
514,Bandarbeyla,BR,2022-08-08 09:44:20,-9.6658,-35.7353,69.24,94,40,3.44
515,Ulladulla,BR,2022-08-08 09:44:20,-9.6658,-35.7353,69.24,94,40,3.44
516,Balkanabat,BR,2022-08-08 09:44:20,-9.6658,-35.7353,69.24,94,40,3.44
517,Sorvag,BR,2022-08-08 09:44:20,-9.6658,-35.7353,69.24,94,40,3.44
518,Megion,BR,2022-08-08 09:44:20,-9.6658,-35.7353,69.24,94,40,3.44
519,Tevriz,BR,2022-08-08 09:44:20,-9.6658,-35.7353,69.24,94,40,3.44
520,Khalkhal,BR,2022-08-08 09:44:20,-9.6658,-35.7353,69.24,94,40,3.44
521,Kuching,BR,2022-08-08 09:44:20,-9.6658,-35.7353,69.24,94,40,3.44
522,Canutama,BR,2022-08-08 09:44:20,-9.6658,-35.7353,69.24,94,40,3.44
523,Marzuq,BR,2022-08-08 09:44:20,-9.6658,-35.7353,69.24,94,40,3.44
524,Mikhaylovka,BR,2022-08-08 09:44:20,-9.6658,-35.7353,69.24,94,40,3.44
525,Itoman,BR,2022-08-08 09:44:20,-9.6658,-35.7353,69.24,94,40,3.44
526,Skalistyy,BR,2022-08-08 09:44:20,-9.6658,-35.7353,69.24,94,40,3.44
527,Dehra Dun,BR,2022-08-08 09:44:20,-9.6658,-35.7353,69.24,94,40,3.44
528,Touho,BR,2022-08-08 09:44:20,-9.6658,-35.7353,69.24,94,40,3.44
529,Sao Raimundo Das Mangabeiras,BR,2022-08-08 09:44:20,-9.6658,-35.7353,69.24,94,40,3.44
530,Along,BR,2022-08-08 09:44:20,-9.6658,-35.7353,69.24,94,40,3.44
531,Chagoda,BR,2022-08-08 09:44:20,-9.6658,-35.7353,69.24,94,40,3.44
532,Sentyabrskiy,BR,2022-08-08 09:44:20,-9.6658,-35.7353,69.24,94,40,3.44
533,Bato,BR,2022-08-08 09:44:20,-9.6658,-35.7353,69.24,94,40,3.44
534,Wewak,BR,2022-08-08 09:44:20,-9.6658,-35.7353,69.24,94,40,3.44
535,Rudbar,BR,2022-08-08 09:44:20,-9.6658,-35.7353,69.24,94,40,3.44
536,Aleksandrovsk-Sakhalinskiy,BR,2022-08-08 09:44:20,-9.6658,-35.7353,69.24,94,40,3.44
537,Dawlatabad,BR,2022-08-08 09:44:20,-9.6658,-35.7353,69.24,94,40,3.44
538,Svetlaya,BR,2022-08-08 09:44:20,-9.6658,-35.7353,69.24,94,40,3.44
539,Jaipur Hat,BR,2022-08-08 09:44:20,-9.6658,-35.7353,69.24,94,40,3.44
540,Tocopilla,BR,2022-08-08 09:44:20,-9.6658,-35.7353,69.24,94,40,3.44
541,Hambantota,BR,2022-08-08 09:44:20,-9.6658,-35.7353,69.24,94,40,3.44
542,Fort Saint John,BR,2022-08-08 09:44:20,-9.6658,-35.7353,69.24,94,40,3.44
543,Sitka,BR,2022-08-08 09:44:20,-9.6658,-35.7353,69.24,94,40,3.44
544,Birjand,BR,2022-08-08 09:44:20,-9.6658,-35.7353,69.24,94,40,3.44
545,Pisco,BR,2022-08-08 09:44:20,-9.6658,-35.7353,69.24,94,40,3.44
546,Dryden,BR,2022-08-08 09:44:20,-9.6658,-35.7353,69.24,94,40,3.44
547,Terrace,BR,2022-08-08 09:44:20,-9.6658,-35.7353,69.24,94,40,3.44
548,Qidong,BR,2022-08-08 09:44:20,-9.6658,-35.7353,69.24,94,40,3.44
549,Nguiu,BR,2022-08-08 09:44:20,-9.6658,-35.7353,69.24,94,40,3.44
550,Ponca City,US,2022-08-08 09:46:08,36.707,-97.0856,82.36,62,0,4.61
551,Lipetsk,US,2022-08-08 09:46:08,36.707,-97.0856,82.36,62,0,4.61
552,Craig,US,2022-08-08 09:46:08,36.707,-97.0856,82.36,62,0,4.61
553,Bodden Town,US,2022-08-08 09:46:08,36.707,-97.0856,82.36,62,0,4.61
554,Zyryanka,US,2022-08-08 09:46:08,36.707,-97.0856,82.36,62,0,4.61
555,Biak,US,2022-08-08 09:46:08,36.707,-97.0856,82.36,62,0,4.61
556,Yurimaguas,US,2022-08-08 09:46:08,36.707,-97.0856,82.36,62,0,4.61
557,Panguipulli,US,2022-08-08 09:46:09,36.707,-97.0856,82.36,62,0,4.61
558,Poum,US,2022-08-08 09:46:09,36.707,-97.0856,82.36,62,0,4.61
559,Zagare,US,2022-08-08 09:46:09,36.707,-97.0856,82.36,62,0,4.61
560,Grahamstown,US,2022-08-08 09:46:09,36.707,-97.0856,82.36,62,0,4.61
561,Sao Miguel Do Oeste,US,2022-08-08 09:45:27,36.707,-97.0856,82.36,62,0,4.61
562,Fuyu,US,2022-08-08 09:45:27,36.707,-97.0856,82.36,62,0,4.61
